Variant,Model,Accuracy,Precision,Recall,F1,ROC-AUC
with_G1G2,LogisticRegression,0.8995215311004785,0.9551282051282052,0.9141104294478528,0.9341692789968652,0.9595892237930115
with_G1G2,DecisionTree,0.9090909090909091,0.9390243902439024,0.9447852760736196,0.9418960244648318,0.8636969858628967
with_G1G2,RandomForest,0.8995215311004785,0.927710843373494,0.9447852760736196,0.9361702127659575,0.9525206721792479
with_G1G2,SVM,0.8803827751196173,0.93125,0.9141104294478528,0.9226006191950464,0.9249133102160576
