Variant,Model,Accuracy,Precision,Recall,F1,ROC-AUC
with_G1G2,DecisionTree,0.9186602870813397,0.9294117647058824,0.9693251533742331,0.948948948948949,0.9315150706855161
no_G1G2,SVM,0.7799043062200957,0.7799043062200957,1.0,0.8763440860215054,0.3764337156575087
