Variant,Model,Accuracy,Precision,Recall,F1,ROC-AUC
no_G1G2,LogisticRegression,0.7272727272727273,0.8397435897435898,0.803680981595092,0.8213166144200627,0.681048279541211
no_G1G2,DecisionTree,0.7751196172248804,0.8085106382978723,0.9325153374233128,0.8660968660968661,0.6088957055214724
no_G1G2,RandomForest,0.7894736842105263,0.8115183246073299,0.950920245398773,0.8757062146892656,0.6761136303014137
no_G1G2,SVM,0.7799043062200957,0.7799043062200957,1.0,0.8763440860215054,0.3764337156575087
